,hashtag
inflation,442
Inflation,208
homeownership,89
rentvsbuy,67
India,62
BharatJodoYatra,57
Indians,55
WalkTheTalk,55
RayOfHope,55
Revolution,55
KeepWalking,55
KeepRocking,55
economy,55
RubaruRoshni,55
RahulGandhi,55
Bitcoin,46
recession,38
VoteBlueToSaveAmerica,37
VoteBlue,36
GOP,35
Bidenflation,31
Economy,29
Biden,28
investing,28
RT,27
realestate,27
financial,26
WSJ,26
DigifinexAirdrop,26
Housing,25
Crash,25
FT,24
Democrats,23
VoteBlue2022,23
BNS,23
RBC,23
Cdnpoli,23
NEWS,23
FOrbes,23
Rents,23
BOC,23
FedReserve,23
TheGuardian,23
Bubble,23
Onpoli,23
NYT,23
Topoli,23
finance,22
money,21
USA,21
crypto,21
biden,21
VoteBlueIn2022,21
Ukraine,21
ParodyBossDesigns,20
EtsySeller,20
Trump,20
Graphic,20
Vote,19
CorporateGreed,18
business,18
VoteBlueToSaveDemocracy,18
news,17
MAGA,16
Crypto,15
News,15
InflationReductionAct,15
Republicans,15
VoteRedToSaveAmerica,15
gold,14
stocks,14
VoteBlueForDemocracy,14
Russia,14
DemocratsDeliver,14
fjb,14
shirt,13
retirement,13
VoteBlueForSoManyReasons,13
BTC,13
crisis,13
BreakingNews,13
democrats,13
blockchain,13
lgb,13
UK,12
fed,12
CPI,12
FATHOM,12
silver,12
finanza,12
finanzas,12
Midterms2022,12
btc,12
Gold,12
vote,11
JoeBiden,11
politics,11
interestrates,11
Economics,11
trump,11
RedWaveComing,11
Turkey,10
economics,10
energy,10
DeFiProject,10
100Xgem,10
StockMarket,10
America,10
Schiff,10
bitcoin,10
TikTok,10
RBXSamurai,10
cdnpoli,10
DemVoice1,9
Fed,9
GeneralElectionN0W,9
Putin,9
Business,9
voteblue,9
FED,9
sundayvibes,8
gas,8
VoteBlueNoMatterWho,8
LetsGoBrandon,8
China,8
elections2022,8
GDP,8
goldcoins,8
PKMKBForever,8
markets,8
usa,8
Markets,8
goldira,8
debt,8
economic,8
DeFi,8
federalreserve,7
tax,7
VoteBlueToProtectYourRights,7
republican,7
trading,7
food,7
midterms,7
RishiSunak,7
FederalReserve,7
joe,7
Republican,7
Europe,7
memes,7
BhajapTariChhelliDiwali,7
Einstein,7
climatechange,7
BidenflationFjbShirt,7
Pelosi,7
eth,7
FoxBusiness,7
Dumbasses,7
Unemployment,7
Germany,7
CNNSOTU,7
FoxNews,7
Dems,7
CryptoNews,7
forex,6
DemocratsFailedPolicies,6
RoevemberIsComing,6
BidenInflation,6
CostOfLivingCrisis,6
BoycottBollywood,6
UnitedStates,6
crime,6
conservative,6
Americans,6
stagflation,6
horror,6
bonds,6
GasPrice,6
RedWave,6
cryptocurrency,6
stockmarketnews,6
Australia,6
dark,6
Hope,6
NancyPelosi,6
Brandon,6
auspol,6
Recession,6
SocialSecurity,6
election,6
oil,6
InterestRates,5
Investing,5
TradersSummit,5
FreeRegistration,5
Finance,5
SalmanKhan,5
fantasy,5
INFLATION,5
2022elections,5
Cryptocurency,5
gasprices,5
Lira,5
SaveOurDemocracy,5
ECB,5
Money,5
ToryLeadershipFarce,5
Trading,5
OnlineEvent,5
liberal,5
hentai,5
Gas,5
SmartNews,5
Silver,5
Election2022,5
defi,5
Midterms,5
yield,5
VoteBlueForSoManyReason,5
abortion,5
nft,5
Fascism,5
Nevada,5
Trending,5
ViratKohli,5
Politics,5
EU,5
T20WC2022,5
TENTACLES,4
hentaied,4
SQUIRTING,4
darkskin,4
creampie,4
BUKKAKE,4
monster,4
tentacle,4
mindcontrol,4
MSNBC,4
anal,4
plot,4
global,4
toys,4
Arizona,4
joebiden,4
US,4
ConservativeNews,4
IRS,4
RepublicansAreDestroyingAmerica,4
berniesanders,4
Democracy,4
Diwali2022,4
CBDC,4
ECONOMY,4
TechTrees,4
Phoenix,4
TurkishLira,4
Türkiye,4
bullshitjobs,4
Breaking,4
Price,4
RECESSION,4
america,4
Colorado,4
democrat,4
ahegao,4
Crime,4
WW3,4
BidenIsADisgrace,4
uk,4
government,4
Canada,4
republicans,4
Staking,4
wallstreetbets,4
election2020,4
FreshResists,4
censroed,4
Hentai,4
Boris,4
MiniBudget,4
bondage,4
bigboobs,4
AmericaFirst,4
AHEGAO,4
lovemyjob,4
Macro,4
Medicare,4
yieldfarming,4
Employment,4
ReasonToVoteBlue,4
KinnaSona,4
funny,4
war,4
VoteBlueDownBallotLocalStateFederal,4
Velshi,4
jobs,4
Commentary,4
halloween,4
scary,4
AjayDevgn,4
KantaraHindi,4
junkbond,4
GETMEREWRITE,4
ONEV1,4
realMeDiwali,4
ArrestKohli,4
yrkkh,4
SoundaryaSharma,4
Delhiairport,4
BoyFriendForHire,4
CasteBasedCensus,4
T20WorldCup,4
COVID19,4
Tax,4
cryptomarket,4
ToryCorruption,4
inflateD,4
Cum,4
Government,4
shorts,4
Ukrainian,4
Hyperinflation,4
BNB,4
RBXS,4
tracker,4
RealEstate,4
Democrat,4
VoteBlueToProtectWomen,4
BSC,4
amazon,4
hodl,4
NeverSunak,4
P2E,4
UkraineRussiaWar,4
spookyseason,4
BidenIsAFailure,4
pumpkin,4
EnergyCrisis,4
cryptocurrecy,4
NATO,4
SardarTrailer,4
PushpaTheRule,4
ETF,4
BernieSanders,4
ncpol,4
Infosys,4
NewsVideos,3
truth,3
fascism,3
ukraine,3
homebuying,3
expansion,3
PPI,3
StrongerTogether,3
TaxTheRich,3
BidenDelivers,3
wholesale,3
GeneralElectionNow,3
NewsInVids,3
breakingnews,3
NewsInVidsCom,3
Sterling,3
ResistanceUnited,3
UniversalCredit,3
ULTRAMAGA,3
Ethereum,3
NewsInVideos,3
Diwali,3
viral,3
WorldNewsInVids,3
RipItUp,3
costume,3
DemocracyNotAutocracy,3
DXY,3
UkraineWar,3
VoteRed,3
Kiev,3
Google,3
PFshare,3
poverty,3
LUNC,3
benefits,3
anime,3
CollectCoins,3
VOTE,3
BorisJohnson,3
binance,3
InvestInGold,3
tech,3
dems,3
BITCOIN,3
women,3
gop,3
Poland,3
Global,3
NFTCommunity,3
Voterizer,3
sustainability,3
VoteDemocrat,3
democracy,3
investment,3
EEC2022,3
Debt,3
Egypt,3
DemocratsAreTheProblem,3
spooky,3
invest,3
Sunday,3
Tesla,3
Binance,3
HOUSING,3
EconomyMonetary,3
buythedip,3
GeneralElection,3
Forex,3
EconTwitter,3
RepublicansHaveNoSolutions,3
Covid,3
Truss,3
Neutral,3
LasVegas,3
Dollar,3
pandemic,3
ToryBrexitDisaster,3
BidenWorstPresidentInHistory,3
January6th,3
USEconomy,3
Voteblue2022,3
retail,3
TFG,3
BorderCrisis,3
macro,3
InflationIsGlobal,3
BidenFlation,3
ToryIncompetence,3
AbortionRights,3
DonaldTrump,3
deflation,3
PriceGouging,3
MidtermElections,3
Toronto,3
elections,3
FireWhitmer,3
Sweden,3
Oil,3
Energy,3
dollar,3
BidenRecession,3
BKB,3
Blockombat,3
TRUMP2024ToSaveAmerica,3
WeekendKaVaar,3
cheating,3
AnushkaSharma,3
BuildBackBetter,3
ETH,3
NFT,3
Pennsylvania,3
CFO,3
VoteBlueOrWeAreScrewed,3
TrudeauMustGo,3
CENTRAL,3
GreatReset,3
covid,3
foxnews,3
votedemocrat,3
cnn,3
Inflation2022,3
Russian,3
DemocracyIsOnTheBallot,3
doge,3
cryptocurrencies,3
BANKS,3
silversqueeze,3
kamalaharris,3
strategy,2
VoteOutEveryRepublican,2
XRP,2
blm,2
costs,2
401k,2
Jayalalitha,2
crushtheGOP,2
batteryrecycling,2
velshi,2
Liberals,2
sanctions,2
witchesofinstagram,2
TENANTS,2
LiztrussResign,2
BlackAdam,2
witchcraft,2
Mortgage,2
Market,2
freedom,2
BidensAmerica,2
witch,2
nifty50,2
halloweenmug,2
halloweenmusic,2
president,2
halloweenmovies,2
wiccan,2
halloweentown,2
halloweenlife,2
Web3,2
halloweenseason,2
CryptoCreepers,2
halloweenlover,2
WallStreet,2
wicca,2
Maga,2
ohsen,2
healthcare,2
witchaesthetic,2
witchy,2
VOLUNTEER,2
LivingIndex,2
bullion,2
Austerity,2
witchyvibes,2
Platinum,2
GulfForum,2
TEAM,2
joementum,2
deal,2
uber,2
shrinkflation,2
WageEarners,2
costofliving,2
BOE,2
dogecoin,2
Retail,2
preciousmetals,2
pets,2
Georgia,2
WorldNews,2
depression,2
NVVOTES22,2
Ontario,2
Wisconsin,2
environment,2
Taiwan,2
Economic,2
rates,2
Capitalism,2
LivingCost,2
interest,2
scam,2
VOTEBLUE,2
Savings,2
ISA,2
NHS,2
realtor,2
ArvindKejriwal,2
security,2
SOL,2
Stagflation,2
bosnia,2
neilsingerman,2
Rishi,2
proaudio,2
recording,2
midterms2022,2
gay,2
livesound,2
GOPLies,2
Inequality,2
Q3,2
rodeorealty,2
NJCD02,2
DemCastNJ,2
DemocratsDeliverRepublicansObstruct,2
risingrents,2
ClimateAction,2
Democratic,2
tesla,2
SocialMedia,2
Handelsblatt,2
realestategoals,2
witchyart,2
SHIB,2
witchart,2
intersectionalfeminist,2
balitmore,2
democraticdebate,2
loveamerica,2
states,2
losangelous,2
american,2
texas,2
HEX,2
unitedstates,2
dumptrump,2
makeamericagreatagain,2
smashthepatriarchy,2
FutureofWork,2
votewe,2
wtpBLUE,2
RepublicansAreTheProblem,2
RepublicansLieAboutEverything,2
Senate,2
CRISIS,2
GeorgiaVoters,2
politicians,2
NVVotes22,2
intersectionalfeminism,2
lovecats,2
instacat,2
catphoto,2
minesota,2
trumptrain,2
teamjoe,2
barackobama,2
jimclyburn,2
demdebate,2
bidenforpresident,2
NYSE,2
us,2
SP500,2
TruthSocial,2
joebiden2020,2
the19thdc,2
vpbiden,2
politicalfashion,2
americans,2
AmericanScandal,2
AmericanDad,2
usatoday,2
joebidenforpresident,2
obamabiden,2
delaware,2
mortgage,2
feminism,2
amtrakjoe,2
joeforpresident,2
bfd,2
fauci,2
trump2020,2
feminist,2
catloversclub,2
investors,2
halloweendecor,2
HalloweenEnds2022,2
halfwaytohalloween,2
halfway2halloween,2
donaldtrump,2
gasprice,2
corruption,2
VoteBlueNotQ,2
IG,2
markettrends,2
ghost,2
halloweenparty,2
DemsOfDestruction,2
norwegianhalloween,2
CostOfLiving_06,2
HalloweenNoDisneyPlus,2
halloweendog,2
halloweennight,2
TheLivingMarket,2
october31st,2
halloween2022,2
russia,2
inflation2022,2
GlobalGoals,2
ASX,2
Tech,2
austerity,2
BigTech,2
candycorn,2
HalloweenEnds,2
fall,2
blockchaintechnology,2
kittylove,2
covid19,2
cat,2
catagram,2
catlife,2
Coinbase,2
votebiden,2
NFTartists,2
wealth,2
catslover,2
Interestrates,2
cash,2
USTC1DOLAR,2
catlover,2
HalloweenConLidl,2
blacklivesmatte,2
bidenharris,2
apple,2
halloweencostume,2
october,2
halloweenmakeup,2
Facebook,2
maga,2
happyhalloween,2
nfl,2
fakenews,2
review,2
Satire,2
fascist,2
CoinBureau,2
VoteBlueToEndTheLies,2
StatePension,2
davos,2
Election,2
globaleconomy,2
NewsandTrends,2
worldnews,2
stories,2
articles,2
tips,2
Ramaphosa,2
advice,2
facethenation,2
tausiinsider,2
Nov2022,2
lifehack,2
insider,2
growth,2
Tories,2
Cryptos,2
ToryShambles,2
Qatar2022,2
WWDC22,2
CommitmentToAmerica,2
housingmarket,2
Taxes,2
VoteBlueToEndTheInsanity,2
EnergyIndependence,2
GoogleAlerts,2
CNN,2
Conservative,2
Abortion,2
VoteBlueDownBallot,2
Solar,2
FuelPrices,2
gifts,2
lastoffer,2
VoteBlue22,2
Autocracy,2
InflationGasPrices,2
universalcredit,2
wages,2
Heidi,2
Kherson,2
Lyman,2
Kyiv,2
American,2
Political,2
VoteRedToSaveAmerica2022,2
England,2
budgeting,2
Hungary,2
Odessa,2
CzechRepublic,2
Crimea,2
Mykolayiv,2
Kharkiv,2
ukraineWar,2
Bakhmut,2
options,2
SupplyChain,2
GQP,2
MSM,2
employment,2
Texans,2
Brexit,2
VotingRights,2
Loadshedding,2
greed,2
hoax,2
France,2
DailyTribune,2
BBM,2
Opinion,2
Metaverse,2
CBDCs,2
Corporations,2
yijaaaaaaaaaaa,2
breaking,2
copolitics,2
Nasdaq,2
Church,2
Spacex,2
Xi,2
RussianUkrainianWar,2
UKeconomy,2
SundayShow,2
gapol,2
cpi,2
VoteThemAllOut2022,2
WorldWar3,2
InsiderTrading,2
Cheating,2
WestPapuan,2
betterdealforteachers,2
IndianEconomy,2
GasPrices,2
JohnsonLiedPeopleDied,2
AMC,2
art,2
StockMarkets,2
charts,2
DementiaJoe,2
NM02,2
immigration,2
assets,2
Italy,2
FascistGOP,2
GiorgiaMeloni,2
groceryshopping,2
UKPM,2
Demonetisation,2
Bank,2
EconomicCrisis,2
AFTvotes,2
Homes,2
Jan6th,2
NFTs,2
quarterreview,2
russiaisaterrorisstate,2
StopRussia,2
DigitalIndia,2
chimacum,2
Hunger,2
Poverty,2
QE,2
Zaporozhye,2
cryptonews,2
joke,2
Stocks,2
Earnings,2
2AMaga,2
TrumpWasRightAboutEverything,2
trumpwon,2
trumpRally,2
taxes,2
HODL,2
income,2
MidTerms,2
fx,2
ThankYouJournalistsForTheNewsWeGetFromYou,2
AndyVermautThanksYou,2
BIDEN,2
Curated,2
airinflation,2
WomensRights,2
malebellyinflation,2
ReproductiveFreedom,2
Econ_UMD,2
leadership,2
PeopleOverPolitics,2
Prime9jaNews,2
PoliticsToday,2
WorstPresidentEver,2
germany,2
Voters,2
unitedkingdom,2
meme,2
world,2
lifestyle,2
Jan6thInsurrection,2
IT,2
TrumpCult,2
costoflivingcrisis,2
Voteblue,2
pelosi,2
seniors,2
smallbusiness,2
CostOfLivingCrises,2
personalfinance,2
prices,2
technology,2
DemocraticParty,2
1u,2
saudi,2
Movie,2
EndOurCladdingScandal,2
Ghana,2
California,2
experts,2
World,2
training,2
BB,2
bidenflation,2
plans,2
bellyinflation,2
twitter,2
belly,2
eurusd,2
malebelly,2
pricegouging,2
المؤتمر_الاقتصادي,2
bellybloat,2
canpoli,1
JordanHGreen,1
thermal,1
consumers,1
FoxNewsSunday,1
fail,1
Millionaire,1
NASDAQ,1
Halloween,1
leaders,1
HISTORICINFLATION,1
ProudBlue22,1
WSIB,1
Digitalids,1
ArgentinaEconomicOutlook,1
UBI,1
eu,1
GlobalFeudalism,1
Haunted,1
voteBlue,1
CentralBankers,1
DemocratInflation,1
losing,1
HighInflation,1
TourayMary2,1
lendingprotocols,1
Dunkin,1
phishing,1
CAC,1
FTSE,1
sanantoniorealestate,1
CarbonTax,1
HKEX,1
CDNpoli,1
msm,1
JPX,1
OilPrices,1
TaxIncrease,1
DrunkPelosi,1
BearMarket,1
TaxPolicy,1
TX,1
BSCGem,1
fraud,1
BSCGems,1
GOPTaxScam,1
Testnet,1
liquidity,1
100xgem,1
InflationLie,1
scammer,1
S,1
soupfinance,1
másverdeeinclusivo,1
DemocratParty,1
crosschain,1
CA,1
AnthonyCrudele,1
VoteBlueForTheE,1
HoulahanEqualsPelosi,1
Nancy,1
DECENTRALAND,1
AZvotes22,1
globalistagenda,1
BSE,1
RecklessSpending,1
Yankees,1
DOT,1
Polkadot,1
REPORT,1
pennycallingpenny,1
TrumpConAir,1
expenses,1
SUPPORT,1
Hoosiers,1
VoteCindeWirth,1
COMMUNITY,1
SundayReads,1
BLOCKCHAIN,1
RBXSAMURAI,1
25thamendment,1
ClownInChief,1
Analytics_06,1
FalsePerception,1
dtm,1
nhs,1
garbage,1
magically,1
ChinaVirusFraud,1
Idea,1
InflationinIndia,1
ANES22,1
College,1
BERNIE,1
8bit,1
chiptune,1
electricvehicles,1
Students,1
fuelprices,1
USSenator,1
LCVVF,1
100x,1
WirthForCongress,1
ALERT,1
Primetime,1
NVvotes22,1
ivorytoweralert,1
itstocks,1
sharemarket,1
muhrattrading,1
WeCandothis,1
englishheadline,1
Warnock,1
rbi,1
SocialDemocracy,1
USDINR,1
NeverVoteConservative,1
GOTV,1
polyticks101,1
rights,1
STOCKS,1
Schumer,1
AZ06,1
AZGOV,1
NVvote22,1
NSMQ22,1
DontFallForIt,1
Fossilflation,1
taxtherich,1
Cdpoli,1
shitcoin,1
BidenWorks4ThePeople,1
dontchangethesubject,1
phenomenon,1
housing,1
mortgagerates,1
homeprices,1
southfloridarealtor,1
LiveSouthFL,1
LiveSouthFloridaRealty,1
AZSEN,1
NSMQSemis,1
socialsecurity,1
NFTbuy,1
Zimbabwe,1
NFTGiveaway,1
Invest,1
resist,1
DemocratsDividingAndDestroyingAmerica,1
Handouts,1
recklessspending,1
trdny,1
Realtor,1
Financial,1
WTAF,1
Rent,1
PRICEGOUGING,1
OpenSource,1
biodiesel,1
RichDadPoorDad,1
Property,1
Modification,1
BeckettCorp,1
BidenDeliversAGAIN,1
Democracratic,1
lithium,1
Trader,1
iot,1
sherriparsonsrealestate,1
parsonsrealestateteam,1
justsaying,1
GOTVBlue,1
Boomers,1
SupportIndependentMedia,1
eight,1
RetirementIncome,1
digital,1
can,1
you,1
data,1
besides,1
BTC_Update,1
problems,1
more,1
United_States,1
Lehman,1
intervention,1
GOPTraitorsToDemocracy,1
reveals,1
financialrepression,1
TaxtoDeath,1
abrams,1
stacey,1
NotJoeBidensFault,1
recesion,1
energycrisis,1
sundaythoughts,1
earlyvote,1
Collapse,1
Estate,1
termlimits,1
NFTHolding,1
Smash,1
BringBackBorisJohnson,1
Bidenwin,1
FederalBank,1
technicalanalysis,1
VotingMatters,1
goldprice,1
WTFU,1
LPC,1
NDP,1
warnock,1
LeafsForever,1
resisters,1
DeceptionDems,1
2022DemAd,1
emptystores,1
Auspol,1
VoteThemOut,1
foxnewssunday,1
DumpPowellNow,1
dentalconsultant,1
Islam,1
financialstrategies,1
concordca,1
internationalnews,1
EnglandStronget,1
Health,1
Gop,1
INDvsPAK,1
Ainvest_Wire,1
Ainvest,1
flipcongress2022,1
Cybersecurity,1
Retropubs,1
WarOnWages,1
NV,1
Reno,1
NHSCrisis,1
insight,1
innovation,1
Environment,1
TrumpsTariffs,1
A24,1
A24NewsAgency,1
socialmedia,1
Instagram,1
prescriptions,1
memories,1
VoteHerOut,1
DriehausUSEquities,1
BringBackShame,1
POLAND,1
DemocracyInDanger,1
Churches,1
fix,1
by,1
OnPoli,1
Eleicao2022,1
republicanwaronseniors,1
OctoberSurprise,1
LASVEGAS,1
nvvotes22,1
OntEd,1
ArizonaElection,1
AZGov,1
TellTheTruth,1
ReproductiveRights,1
Women,1
APE,1
Foodie,1
VoteBlueforthweconomy,1
EvilWitch,1
JimmyCarterV2,1
property,1
TESLA,1
tsla,1
mortgages,1
nba,1
mtv,1
tmz,1
BFTD,1
DOJ,1
HunterBidenLapTop,1
Violence,1
climatecrisis,1
MTP,1
AffordableHousing,1
LIHTC,1
TCA,1
NYC,1
Insurrection,1
DAX,1
Nikkei,1
Revival,1
RepealtheJonesAct,1
forexmarket,1
paywall,1
finacialadvice,1
Court,1
StateLaws,1
VoterSuppression,1
Congress,1
JoeManchin,1
KyrstenSinema,1
StaceyAbrams,1
JohnLewis,1
GlobalMarkets,1
HR1,1
ElectionsMatter,1
dogefam,1
loans,1
dogearmy,1
Greenfell,1
Blessed,1
communismkills,1
Globalizationkills,1
StopNWO,1
PPP,1
GOPfail,1
Erdogan,1
TaxWithholdings,1
Election2024,1
Grenfell,1
BuildingSafetyCrisis,1
DMW,1
CNNsotu,1
DiamondWallets,1
LeaveTheGOP,1
VoteOutTheGOP,1
LoisMustGo,1
VoteDanFranzese,1
LoisFrankel,1
kids,1
your,1
killing,1
Afghanistan,1
SchoolShootings,1
Greed,1
Other,1
LifeSciences,1
BusinessTaxCredit,1
2022Elections,1
FireRepublicans,1
Unemployed_Youth,1
RecruitmentDrive,1
GST,1
invested,1
ABNB,1
dividends,1
yieldcurve,1
powell,1
newsletter,1
clip,1
Scottsdale,1
FoodCost,1
Food,1
CA35,1
MaricopaCounty,1
coleg,1
ArizonaTaxes,1
Taxes2022,1
Probate,1
InheritanceTax,1
BusinessTax,1
goldenyears,1
WtpBLUE,1
letsgobrandon,1
STORJ,1
CharlieMunger,1
TraitorTrash,1
ksleg,1
ABCWorldNews,1
ABC,1
HICP,1
fintwit,1
Solana,1
Minted,1
Decentraland,1
steemit,1
ethlance,1
USdollar,1
WorldMarket,1
Investmentguruindia,1
finpeform,1
BusinessNews,1
Hexicans,1
WhyMenDrinkIn4Words,1
November,1
PierrePoilievreIsAFascist,1
fixedincome,1
pensioner,1
health,1
President,1
maddow,1
TrumpIsGoingToJail,1
LizTruss,1
hospitalfinances,1
ToriesBrokeBritain,1
outlook,1
NewsUpdate,1
infowars,1
freespeech,1
deathcult,1
healthcarefinance,1
fintech,1
ToriesUnfitForOffice,1
bideninflation,1
Alpharetta,1
ETXstudio,1
HighEnergyPhysics,1
Theory,1
arxiv,1
NewsFlash,1
Technology,1
Bot,1
Avalon,1
Consumer,1
TopAgent,1
GartnerMKTG,1
marketing,1
CMO,1
rochesterhousingmarket,1
irinagroysmanrealestate,1
huntrealestate,1
Trends,1
NWITimes,1
payments,1
nytimes,1
diya,1
Antartica,1
firecrackers,1
firecrackerban,1
Deepavali,1
Deepavali2022,1
futures,1
Partygate,1
NeverLabour,1
partygatecoverup,1
London,1
NC01,1
TaxTwitter,1
LockHerUp,1
Pandemic,1
Moneyweb,1
Precious,1
mainstreammedia,1
Peercoin,1
globalsupplychain,1
NaturalBeauty,1
NHPoliics,1
NHSen,1
axiosam,1
digitalmarketing,1
digitaldesign,1
russiaukrainewar,1
retailindustry,1
AllNaturalBeauty,1
adjustments,1
brackets,1
cpc,1
fintasticDataNews,1
stockmarket,1
investingtips,1
UKGov,1
AllNaturalBeaute,1
hhm5,1
AI,1
facism,1
elites,1
Tobacco,1
Koch,1
UKExperiment,1
Services,1
Privatisation,1
Oligarchs,1
greedflation,1
CNBC,1
monopolies,1
FondledRUMP,1
IncreaseSalesNews,1
policies,1
ClimateChange,1
florida,1
NBC,1
Wealth,1
CTSen,1
WASen,1
GujaratElections2022,1
Bankofengland,1
Bonds,1
Pension,1
CentralBanks,1
treasury,1
pensioners,1
Statepension,1
denicesdeals,1
WorkofAlt,1
metrodetroit,1
boominfluencegroup,1
Deepalwali20222,1
Eightcap,1
police,1
revadi,1
educated,1
VRED,1
지구에서년지성아_환영해,1
BoycottCricket,1
CheckBiden,1
HOLOctober,1
bcpoli,1
ubc,1
hunger,1
RealEstateInvesting,1
Cashflow,1
WRALTechWire,1
alaska,1
layoffs,1
foodindustry,1
foodinstitute,1
mortgagenews,1
bitcoinnews,1
Whitmer,1
VoteDixon,1
jokes,1
punny,1
Weaponry,1
underlying,1
margins,1
ReadyforRishi,1
commodities,1
WizzAir,1
Sarajevo,1
UKPolitics,1
Weekend,1
Gulf,1
shareholder,1
fuel,1
production,1
EnnuiNation,1
Socialissues,1
yourpersonalbroker,1
PoorCharlesAlmanac,1
beekeeping,1
returns,1
financialperformance,1
stepfinance,1
السيسي,1
ctsi,1
Newsnight,1
TaxPayers,1
BrexitBrokeBritain,1
LizTrussPM,1
BorisTheLiar,1
المؤتمر_الاقتصادي_مصر_2022,1
Learning,1
management,1
votethemoutin16days,1
JeromePowell,1
buildingmaterials,1
buildingsupplies,1
adbri,1
cement,1
CEO,1
honey,1
bees,1
savethebees,1
disabled,1
ADA,1
uomoelegante,1
gloo,1
miradaonline,1
ecosistemaonline,1
goods,1
Sick,1
IncreaseBenefits,1
liztruss,1
spiraling,1
ZIRP,1
BBCLauraK,1
VoteYes,1
Sunak,1
ReadyForRishi,1
BuyTheNumbers,1
APT,1
SHIBA,1
1BTC,1
MicroStrategy,1
boris,1
rishi,1
usless,1
selfish,1
iweb3,1
steem,1
wormhole3,1
WorthReading,1
amount,1
contribution,1
politicswales,1
EconomicCrisisLK,1
Halfwit,1
BNBTC,1
Saylor,1
lto,1
bnb,1
Military,1
MizzouMade,1
RupeeFall,1
PeaceTalksNow,1
lehman,1
GOTTERDAMERUNG,1
plotin4words,1
Country,1
MissouriMethod,1
BODYINFLATION,1
LPGPrices,1
wait,1
ItCouldSpellTroubleIf,1
VotouttheGQP,1
Zelensky,1
Brigitte,1
EducatorsDeserveBetter,1
PayUp,1
FarmersDistress,1
taxcuts,1
sol,1
LateNight,1
Armaments,1
Rearmament,1
Channel4,1
transgender,1
DailyMail,1
cringe,1
music,1
tv,1
DEMOCRATS,1
clownworld,1
british,1
bankofengland,1
andrewbailey,1
GotBrexitDone,1
Palladium,1
Ukraine️,1
BlackLivesMatter,1
navycapital,1
Planck,1
Thanksgiving,1
Shanghai,1
AmericanPsycho,1
HuJintao,1
UnitedKingdom,1
TrickleDownBS,1
NoBindiNoBusiness,1
Demccrats,1
Christmas,1
new_cars,1
Home,1
Indicted,1
9News,1
ThankYouDemocrats,1
Imperialism,1
ArmsIndustries,1
MAGAHub,1
Russians,1
Deutschland,1
Bundestag,1
AfD,1
NewsBreak,1
referral,1
earn,1
control,1
personalresponsibility,1
choices,1
greatinflation,1
linkedinforcreators,1
AbortionIsHealthCare,1
NoAbortionBans,1
GOPLiesAboutEverything,1
hatecrime,1
CDU,1
Kostensteigerung,1
Strom,1
thinktanks,1
TaxPayersAlliance,1
IEA,1
facebookads,1
promotions,1
consumerbehaviour,1
inventory,1
wpool,1
TheNews,1
analytics,1
googleads,1
Oligarchy,1
DidYouVoteforWEFpolicies,1
OOTT,1
oatt,1
AgTwitter,1
collageart,1
CreativeConsciousness,1
EconomicOutlook,1
illustrationart,1
retailsales,1
StopWEFinterference,1
remuneration,1
battery,1
Infrastructure,1
EVs,1
Greenland,1
ElectoralBonds,1
EV,1
batterymaterials,1
lithiumion,1
IPFS,1
notoCarbonTax,1
FIL,1
Filecoin,1
iwillnotvoteliberalagain,1
trudeauDoesntCare,1
justinflation,1
justincausedit,1
climateChangeScam,1
MONEY,1
RedOctober,1
PoliticalThought,1
censorship,1
Investornews,1
podcasts,1
podcasting,1
Canadian,1
podcastshow,1
podcastlife,1
bookbanning,1
SaveOurDemoracy,1
when,1
freedomtoread,1
VoteBlueToSaveSocialSecurity,1
politicaliq,1
ElidaZornesRealEstate,1
HomeSmart,1
libertarian,1
consumerpriceindex,1
SocialSecurityVoter,1
Seniors,1
MercerLive,1
investments,1
politicalcartoon,1
ThisIsNotAnExcuse,1
TrumpWorld,1
silent,1
SPR,1
VoteRedInNovember,1
LePage2022,1
SenatorSanders,1
NewYork,1
BankofCanada,1
TSX60,1
DAX30,1
Gasprices,1
RowRoeRoeYourVote,1
bond,1
AmericanRescuePlan,1
masturbation,1
endless,1
OHSen,1
UntrustworthyWA,1
THINKBEFOREYOUVOTE,1
blogengage,1
Delhi,1
FarmBill,1
PierceForIndiana,1
aud,1
DAFronna,1
waleg,1
shitforbrains,1
RonnaLies,1
ElectionDay,1
ESRCFestival,1
onhealthcare,1
onedu,1
onpoli,1
UnaffordableWA,1
SaveVotingRights,1
wanking,1
chacha,1
BoC,1
Brazil,1
Columbia,1
BigOil,1
Gilts,1
tikok,1
NCT127,1
ValueInvesting,1
SaveWomen,1
diwali,1
deepavali,1
nationalmortgageconference,1
Growth4All,1
DowJones,1
ElectDemocrats,1
SaveSocialSecurity,1
polarization,1
legislatingpoverty,1
unnecessaryhighways,1
OVFL,1
401lk,1
BidenDestroysAmerica,1
JustInflation,1
MidTermElections,1
GOPFascistTraitors,1
SayNoToFascism,1
DemCastFL,1
stopthelies,1
kbrs,1
entrepreneurs,1
employee,1
employer,1
USPolitics,1
horny,1
airpump,1
jerkoff,1
ihop,1
communication,1
industry,1
agriculture,1
FFC,1
Banknifty,1
Nifty,1
Succession,1
Conservatism,1
GOPTaxCuts,1
bias,1
ElonMusk,1
ProxWar,1
allies,1
EuropeanUnion,1
USDollars,1
fertilizers,1
RareEarths,1
RawMaterials,1
infinity,1
no9to5,1
AdamSmithInstitute,1
hedge,1
CTSenate,1
Pivot,1
geopolitic,1
ToryLeadershipContest,1
2022midterms,1
PedoJoe,1
RenaissanceTour,1
silverbullion,1
GalaxyS22dariShopee,1
zerohedge,1
marketplaceMorningReport,1
millenials,1
NoDsaNy,1
DemExit,1
countries,1
LGBTQ,1
Connecticut,1
taxcampaignexcess,1
BitcoinLessVolatile,1
CancelStudentDebt,1
BitcoinLessVolatileSP500,1
BitcoinLowVolatility,1
Cryptovolatility,1
FedRateHikes,1
MarketsAndPrices,1
NasdaqVolatility,1
SP500Volatility,1
MedicareForAll,1
reform,1
Nazis,1
RedWave2022,1
ImpeachBiden,1
NoWarWithRussia,1
NoWarWithChina,1
SayNoMore,1
congress,1
saveourrights,1
WEO,1
hodler,1
stockstowatch,1
FREEZE,1
InflationReducationAct,1
SPACs,1
MAGAChristmas,1
yennews,1
yenghana,1
Today,1
MarketWatch,1
HodlGang,1
tradingonline,1
DestructionOfAmericaAgenda,1
nyt,1
PropagandaPolitica,1
thinktank,1
NeoLiberalism,1
GeorgeMonbiot,1
noname,1
votersuppression,1
REWRITE,1
GETME,1
bitcoiner,1
bitcoinerlife,1
bitcoinerlifestyle,1
BuyBitcoin,1
btcusd,1
hodlbitcoin,1
CryptoCurrencies,1
CryptoTrading,1
CryptoCurrency,1
Eth,1
bitcointrading,1
buybitcoins,1
disgraceful,1
interestrate,1
SSCOLA,1
BitcoinLessVolatileNasdaq,1
JimWelsh,1
moneyworth,1
Predictions,1
usdjpy,1
Turkish_doctor,1
violence,1
jusoor_post,1
UN,1
COP27,1
VoteBlueLikeYourLifeDependsOnIt,1
NGETA,1
SME,1
ROBBERY,1
杭州,1
GCC,1
Usefulidiots,1
fourbagsofrice,1
tarot,1
tarotreading,1
traders,1
holdingcompany,1
IL2Strong,1
infiniteinflation,1
EZB,1
fiatmoney,1
fiat,1
moneyprinter,1
moneypiece,1
moneyoff,1
brrr,1
currency,1
familyoffice,1
rossellosoldit,1
coldwellbankerprofessionals,1
LatestComments,1
eWeatherNews,1
VIXC,1
Tory,1
virtualbusiness,1
tarotspread,1
antitrust,1
dads,1
Examining,1
hourglass,1
Hodlers,1
HodlersDigest,1
VoteWarnockOut,1
GunControlNow,1
LGBT,1
Top5ThingsToKnowThisWeek,1
Income,1
mums,1
Rising,1
PointOfView,1
MiriamForCongress,1
NY16,1
Tell5Friends,1
Scarsdale,1
Westchester,1
parade,1
body,1
MichiganFinance,1
MichiganBusiness,1
Children,1
kindness,1
ThesePeopleAreStupid,1
BigOilPriceGouging,1
CorporateProfiteering,1
RoeTheVote,1
WomensRightsAreHumanRights,1
impeach,1
AllAccessGolf,1
golf,1
cdnmedia,1
gasen,1
blueberry,1
MichiganEconomy,1
USAEconomy,1
AmericanDelusion,1
scicomm,1
Time4AChange,1
mutualaid,1
FEDratehike,1
21months,1
peopleoverprime,1
SocialistSunday,1
meditation,1
generalstrike,1
emergency,1
MoT,1
solidarite,1
Solidarity,1
EnoughlsEnough,1
UnionStrong,1
daywithoutus,1
yallidarity,1
BSFLLLP,1
roevwade,1
NoSocialismForUs,1
netherlands,1
inflammation,1
facts,1
percentage,1
worldwide,1
pick,1
over,1
china,1
TheBystanderSenator,1
fbicorruption,1
j6,1
children,1
Veterans,1
Independents,1
ValDemings,1
organizethesouth,1
workersrights,1
HumanRights,1
F4F,1
really,1
smh,1
follome,1
Cost,1
Australians,1
giving,1
FollowMe,1
sanctiontheus,1
FollowBack,1
FollowForFollow,1
rtitbot,1
Follow,1
mJmNews,1
australia,1
lol,1
moneysfake,1
masks,1
gasoline,1
photojournalism,1
photography,1
Gaslighting,1
pizzafails,1
cheese,1
MILK,1
WuhanVirus,1
DemocratOverloards,1
MMT,1
monetary,1
DiwaliAndRisingInflation,1
HappyDiwali2022,1
HappyChhotiDiwali2022,1
stopfascism1,1
middleclass,1
DEMOCRAT,1
love,1
Equality,1
PoliticsLive,1
Dems4USA,1
DWP,1
Profit,1
auseco,1
FoodPrices,1
ToryGovt,1
RentHikes,1
Immigration,1
NuclearWar,1
Corruption,1
Jan6,1
pcslevelupwithlistings,1
politicstoday,1
WWIII,1
UkrainianNazis,1
LIE,1
BatteryStorage,1
EnergyStrorage,1
hardchoices,1
softlanding,1
Race,1
Day,1
Game,1
Sun,1
Undecided,1
Liberal,1
Moderate,1
Centrist,1
Green,1
PrimeMinister,1
foodsecurity,1
ResignJacinda,1
Fetterman,1
futureofwork,1
Kevin,1
HandsOffSocialSecurity,1
hurricane,1
DiamondHands,1
financialcrisis,1
NewsAndInformation,1
nutrition,1
leftist,1
progressive,1
communist,1
idiots,1
idiocracy,1
newzealand,1
actualized,1
humanresources,1
Management,1
StopInflation,1
REPowerEU,1
ElectBetter,1
EnergyDominance,1
DrillNow,1
hempenergyjobs,1
ATLvsCIN,1
BuriedLede,1
VoteBluein2022,1
insurance,1
insurancehelp,1
Uganda,1
students,1
education,1
living,1
CapitalismCures,1
Dominion,1
Blockchain,1
guy,1
devaluation,1
WhydidRomeFall,1
trillion,1
Rates,1
consumer,1
Etherum,1
goldsmiths,1
cardanoconmunity,1
LUNAC,1
Dem,1
reddit,1
OurBlueVoice,1
joebidensamerica,1
story,1
closingbell,1
Socialismkills,1
usd,1
BNNSpain,1
bulgaria,1
healthcareinflation,1
ukrainewar,1
Armageddon,1
WokoHaram,1
RedStates,1
cnbc,1
earnings,1
sales,1
Microsoft,1
midterns,1
spx,1
useconomy,1
SendAGreenBeret,1
highinflation,1
GIO,1
Foodbanks,1
gift,1
fascismORinflation,1
ResistanceEarth,1
SaveAmerica,1
truecrime,1
unsolved,1
CSP4FairPay,1
spy,1
supplychain,1
Buzzerly,1
TwitterAlternative,1
CorpGreed,1
BlueWave22,1
GOPHasNoPlatform,1
HappyDiwali,1
BTColumn,1
DisabilityTwitter,1
neisvoid,1
mcdonalds,1
stockmarketcrash,1
Earth,1
warinukraine,1
energycricis,1
dies,1
DemsGetItDone,1
LosAngeles,1
ifykyk,1
TweetOfTheDay,1
savings,1
trashcantrump,1
CommonGround,1
BLM,1
spookymonthoc,1
LUNA,1
RishiBillions,1
audionews,1
solar,1
greenenergy,1
FoodForThought,1
winelover,1
REDWAVE,1
Conservatives,1
bearish,1
funnymeme,1
funnymemes,1
twittermemes,1
bluewave,1
gophatescontraception,1
SaaS,1
kthksbuy,1
recessions,1
latestnews,1
LikedVideo,1
Funny,1
MemesDaily,1
Memes,1
wsbbot,1
wsb,1
NationalInfrastructureBank,1
bidendeliversagain,1
Growth,1
currentevents,1
FreedomLivesHere,1
freedomsquare,1
WSB,1
DemCast,1
bullish,1
risk,1
BCH,1
ShimmerNetwork,1
STEM,1
GZEROWorld,1
criminals,1
retiredveteran,1
Mahsa_Amini‌,1
morealbertalessottawa,1
Desist,1
eurozone,1
OnlyStables,1
TechPol22w3,1
pump,1
dump,1
FF,1
QNT,1
NatalieBrunell,1
JasonLes,1
HardMoneyWithNatalieBrunell,1
HardMoney,1
FinanceNews,1
BlockchainNews,1
BitcoinPrice,1
BitcoinNews,1
BitcoinMiningExplained,1
BitcoinMining,1
BitcoinMagazine,1
ABlueView,1
Resist,1
marketcycle,1
businessadvisors,1
accountants,1
wearenkc,1
Liberatarian,1
Libratarian,1
Independant,1
Subway,1
partygate,1
ToriesOutNow,1
NailedIt,1
VoteRILEY,1
NY19,1
NoMo,1
chicago,1
AFairShareOfTax,1
foodprice,1
Italycollapse,1
silvioberlusconi,1
rebound,1
MN02,1
GOPLiars,1
ToryCovidDisaster,1
TheyNeedToPay,1
Independent,1
halfoff,1
Saudis,1
autorepair,1
autoshop,1
interships,1
workforce,1
itsthesamething,1
timhortons,1
NeedWindfallProfitsTax,1
wendys,1
weirddiscount,1
market,1
crash,1
nuclear,1
InflationIsWorldWide,1
WeRise,1
EndThePayCrisis,1
Sen,1
StopLYING,1
AKenyaForEveryone,1
ChaguaRutoPromise,1
theFourthTurning,1
bookreview,1
profiteering,1
corporategreed,1
KKKevinMcCarthy,1
Bernie,1
SpeakerPelosi,1
WorldWideCorporateGREED,1
longterminvesting,1
ai,1
aiart,1
midjourney,1
nmpol,1
productivity,1
IN01,1
CubanMissileCrisis,1
Cardano,1
Greece,1
VoteBlueToProtectSeniors,1
VoteBlueToProtectOurKidsFromGuns,1
VoteBlueToSaveOurKids,1
VeVe,1
letskeepmoving,1
AnilPharande,1
vore,1
weightgain,1
voters,1
IVt,1
Sanders,1
inflationisworldwide,1
RepublicansLie,1
Powell,1
Brent,1
VoteThornton,1
KariLake,1
Boebert,1
ChalkTalk,1
KatiePorter,1
WTI,1
twill,1
hottake,1
misamigosplaygames,1
gamer,1
streamer,1
whenthe,1
goodmeme,1
twitch,1
BlueWave,1
kaijuparadise,1
gayrr34,1
rr34,1
bellyexpansion,1
inflatedbelly,1
bellypumping,1
bloating,1
BLOATEDBELLY,1
mpregbelly,1
mpreg,1
Astrosforpresident,1
WarProfiteering,1
EarthSystemScience,1
PlanetHealth,1
arizona,1
retirementgoals,1
sohotrightnow,1
2022RedWave,1
BidenBoom,1
future,1
AMT,1
fact,1
EatTheRich,1
ThatWillDoIt,1
Republicansaredangerous,1
Stress,1
Orbán,1
DEMS,1
Budapest,1
Hungarian,1
RussiaIsATerroristState,1
VoteGOP,1
DemonRats,1
Elliottwave,1
NFTGiveaways,1
digitalasset,1
cryptoregulation,1
cryptoadoption,1
cryptoexchange,1
cryptoguide,1
cryptolearn,1
metaverse,1
web3,1
Ethmerge,1
prescriptiondrugprices,1
insulin,1
BlueCrew,1
moronrishi,1
BodilyAutomomy,1
choice,1
NHPolitics,1
AUTOMATEDOBFUSCATION,1
bluein22,1
kitchentableissues,1
frankenstein,1
PulseBitcoin,1
ASICTOKEN,1
They,1
SCAM,1
IntelligentCryptocurrency,1
Inktober,1
muscle,1
PelosisInflation,1
LittleWhiteBoard,1
Economy101,1
WreckingBidenEconomy,1
CorporateInflation,1
bcash,1
binancecash,1
EconWatch,1
homeowner,1
815RealEstate,1
DNRealtors,1
RaiseTheWage,1
NewsGrasp,1
today,1
LatestNews,1
site,1
BlueTsunami,1
yeg,1
BetterOffWithRachel,1
Vote2022,1
VtuberUprising,1
ENVtuber,1
Vtuber,1
Gianforte,1
CutTheCuts,1
PhalaPhalaFarmGate,1
Daines,1
GetInvested,1
DemocratWarOnFamily,1
BidenWarOnEnergy,1
ChristianNationalist,1
thanksgiving,1
spending,1
GOPFascists,1
AusProperty,1
ANC,1
Greedflation,1
Corportegreed,1
POTUS,1
WakeUpAmerica,1
shame,1
Shame,1
DemocratWarOnMiddleClass,1
DemocratSpending,1
SilverAnalysis,1
PreciousMetals,1
MiningStocks,1
Mining,1
HowToBuySilver,1
HowToBuyGold,1
GoldPrice,1
GoldMiningStocks,1
FinancialLiteracy,1
FinancialEducation,1
WorldNewsNuggest,1
WNN7com,1
WNN7,1
capital,1
globalnews,1
Rosendale,1
Baizuo,1
teamforddfw,1
wenlambo,1
CurrencyBoard,1
printing,1
JUSTINflation,1
LiberalCorruption,1
SelectedTyrantJoeBiden,1
WAGMI,1
budget,1
TrumpTariffs,1
stonks,1
lie,1
Crisis,1
DigitalCurrency,1
VoteBlueToSaveSocialSecurityandMedicare,1
NIXSON,1
BackTo60,1
emissions,1
polluters,1
drought,1
Floods,1
Climate,1
PAPol,1
PALeg,1
COpolitics,1
Broncos,1
PolisIsTheProblem,1
Polis,1
PutinsPuppets,1
administration,1
Reagan,1
TermLimits,1
delusional,1
RICHARDNIXSON,1
GreedyCEO,1
democratsdeliver,1
4IR,1
DigitalesZentralbankgeld,1
Covid1984,1
FinancialCrash,1
NewNormal,1
Centralization,1
PermanentControl,1
RisingRents,1
greatdepression,1
HomePrices,1
Walmart,1
SpilledMilk,1
TrustWallet,1
JustinTrudeau,1
CorporationsMakeInflationGrowFaster2021,1
Digitalgeld,1
DigitaleIdentität,1
DigitaleID,1
DigitaleMoney,1
ScientificDictatorship,1
goldtrade,1
maingroupfx,1
claytrader,1
whatajoke,1
SelectATimeWithJoeBiden,1
MAGAFascists,1
GOPThreatToDemocracy,1
GOPFailure,1
MAGATerrorists,1
theworldisfucked,1
TheGreatReset,1
greatreset,1
60Minutes,1
misinformation,1
LeadRight,1
ButSeriously,1
WomenRights,1
solarpower,1
nobelprize2022,1
suckers,1
InflationEscalationAct,1
Justinflation,1
trussonomics,1
voter,1
TheBitTimes,1
Ready4Rishi,1
ConservativeLeadershipContest,1
Rishi4PM,1
TrumpParty,1
VoteBlueToSave,1
Roe,1
extremism,1
cbbesthomes,1
ecchi,1
airports,1
airlines,1
Propaganda,1
TraitorsSupportTraitorTrump,1
CorporateGREEDcausesINFLATION,1
SaveTheDay,1
nsfw,1
OpenYourEyes,1
thicc,1
ass,1
booty,1
boobs,1
tits,1
manga,1
BIGAgenda,1
BNNUS,1
walmart,1
feudallords,1
MI,1
iran,1
pentagon,1
proxywar,1
globalelite,1
peasants,1
hackthem,1
block,1
FinancialMarkets,1
letmemoveyou,1
porttownsend,1
portludlow,1
sequim,1
porthadlock,1
amwriting,1
theft,1
PiratesLife,1
corrupt,1
123INFO,1
VoteBlueAllTheWay,1
VoteGOPBastardsOut,1
NFTCommmunity,1
nftcollectors,1
nftarti̇st,1
BLACKADAM,1
SaveTheMovies,1
atAMC,1
Jobs,1
socialism,1
capitalism,1
cdnpolitics,1
civilaviation,1
space,1
aviation,1
expertanswers,1
Palestine,1
XiJingping,1
PeePee,1
SundayMorning,1
SundayThoughts,1
animalwelfare,1
stayinformed,1
CAI,1
staycurrent,1
powerfuldecision,1
jimpowellteam,1
Budget,1
CondoManagement,1
HOA,1
Apartheid,1
TurkiyeGreece,1
Florida,1
Ohio,1
Trump2024,1
nestegg,1
AMA,1
CupOfCosmology,1
sexyliberal,1
TrumpRally,1
JoDixit,1
HassleFree,1
NoGuesswork,1
BricksFolios,1
BuildWealthWithSmartRealEstate,1
TrudeauTheTyrant,1
TrudeauDestroyingCanada,1
AdvantageManagement,1
PropertyManagement,1
Polisheconomy,1
TERMLIMITS,1
ForThePeople,1
headline,1
products,1
matrix,1
MiltonFriedman,1
AynRand,1
MarcusCWilliams,1
History,1
TeamMarcus,1
VoteMarcus,1
here,1
MAGAMorons,1
Morawiecki,1
EUPolicy,1
NJCD07,1
Censorship,1
Surveillance,1
Dictatorship,1
BoycottTurkey,1
TurkeyOccupation,1
TurkeyInvasion,1
TurkeyWarCrimes,1
Syria,1
Kurds,1
thefed,1
Zambia,1
CorporateGreedIsDrivingInflation,1
ocs,1
digitalart,1
furry,1
chelsart,1
marrowstone,1
RegisteredIndie,1
earthorbittech,1
seminars,1
humanity,1
politicalparties,1
No10,1
MPs,1
forbeswomen,1
forbes30under30,1
rothira,1
families,1
traditional,1
inspiration,1
nyc,1
london,1
livesessions,1
accounting,1
workers,1
WINTER,1
RememberInNovember,1
Pengar,1
WWS,1
PedoPeter,1
FJB,1
Ekonomi,1
LäraSig,1
Utbildning,1
Söndag,1
heating,1
Sverige,1
germans,1
connecticut,1
Scotland,1
NI,1
Wales,1
consu,1
RepuglicansAWOL,1
jobshiring,1
NFTProject,1
IRA,1
incentives,1
homeowners,1
renewableenergy,1
HVAC,1
contractors,1
NFTart,1
Retirement,1
NFTlover,1
Justice4Workers,1
CdnPoli,1
ONpoli,1
MakeAmericaGreatAgain,1
groundnews,1
taxation,1
brielle,1
Jerseyshore,1
newjerseyshore,1
njshore,1
SawkaGroup,1
decor,1
furnishings,1
homes,1
ABhealth,1
ABleg,1
priceincrease,1
nvesting,1
Stockmarket,1
TheVillages,1
FixedIncome,1
COLA,1
WindWaterSolar,1
RenewableEnergy,1
EnergyTransition,1
CNNPolitics,1
GlobalPandemic,1
Amazon,1
PelosiCrimeFamily,1
WeveGotACountryToSave,1
DemsMelting,1
WakeUpTheElectorate,1
USAPolitics,1
NH02,1
USPoli,1
DemocratsGottaGO,1
Luxury,1
Luxuryhomes,1
Realestate,1
TEDtalks,1
BorisOrBust,1
NeverRishiSunak,1
MORON,1
heynext,1
9news,1
Maternity,1
Life,1
FaceTheNation,1
political,1
oregonpolitics,1
EspionageEnablers,1
Macron,1
letsGoBrandon,1
dollars,1
crackheads,1
FinancialPlanning,1
akleg,1
NH01,1
NHsen,1
Wind,1
TOpoli,1
goverment,1
conspiracy,1
dinero,1
laws,1
constitution,1
ldnont,1
NLpoli,1
HamptonBeach,1
NSpoli,1
taxbrackets,1
saving4wealth,1
Awareness,1
neverforget,1
CleanEnergy,1
NormalPeople,1
nftcrypto,1
pharmtech,1
Illinois,1
Oklahoma,1
TruthMatters,1
FactsMatter,1
humanrightsviolations,1
PutinWarCriminal,1
NFTGame,1
Mortgages,1
VA08,1
Leftists,1
VoteWisely,1
TheFed,1
GlobalInflation,1
Seacoast,1
WoyaneLifeStyle,1
WoyaneLife,1
Tigrayland,1
VoteRED,1
uf,1
veterinary,1
ToriesDestroyingOurCountry,1
audraonealteam,1
rent,1
home,1
VoteOZ,1
TiogaRealEstate,1
VoteODea,1
VoteWalker,1
VoteLaxalt,1
Redwave,1
MLBPlayoffs2022,1
Denver,1
gainesvillemusictonight,1
humanrights,1
TigraylandWillPrevail,1
XiJinPing,1
craftbeer,1
striketober,1
wizzair,1
sarajevo,1
yeeterus,1
hysterectomy,1
GloriaOlivae,1
MarineLePen,1
PontifexMaximus,1
CardinalZen,1
RexArcturus,1
TFPSA,1
POTUS45,1
FLOTUS45,1
wileynickelforcongress,1
nc13,1
Share_if_you_agree,1
Cockroaches,1
EVICTIONS,1
ECONOMIC,1
DE,1
VoteOutEveryLyingRepublican,1
Tenant,1
gunviolence,1
Landlo,1
المؤتمر_الاقتصادى_مصر2022,1
pipayment,1
ConservativeChaos,1
nurse,1
nursesvote,1
nursestrike,1
Landlord,1
FamilyMeeting,1
PRIORITIES,1
CONDO,1
POOR,1
Yen,1
ElectricVehicles,1
boj,1
ecb,1
decisions,1
centralbanks,1
affordability,1
HammadJaved,1
StateBankofPakistan,1
PakistanStockExchange,1
inflationinpakistan,1
Rupee,1
pakistaneconomy,1
followthemoney,1
antifa,1
people,1
meal,1
Evil,1
Truth,1
lies,1
integrity,1
faith,1
lunch,1
mealdeal,1
Pakistan,1
britian,1
BoE,1
mnpol,1
SaveAZ,1
economists,1
nacdsummit,1
voteDEM,1
Influencer,1
LISA,1
BallonDor,1
ELONBUYLEVEINVEST,1
nsfwtwt,1
ohmpawat,1
Giveaway,1
electricity,1
BarcaInter,1
AMAs,1
chainsawman,1
headdoctor,1
therapy,1
lighting,1
light,1
redlight,1
WeimarAmericaBabwUela,1
votesmatter,1
support,1
hotels,1
Media,1
VA02,1
ChristianBusinessNews,1
Strictly,1
StrictlyComeDancing,1
SCD,1
strategiesexecutives,1
RoeRoeRoeYourVote,1
verizoncommunications,1
whirlpool,1
paynowhotels,1
proctergamble,1
entrepreneurship,1
union,1
oilandgas,1
metals,1
mining,1
safehaven,1
Bullion,1
mecurydimes,1
indyref2,1
ScottishIndependence2023,1
defenddemocracy,1
voteblue2022,1
independent,1
votebluein2022,1
mtpol,1
WeThePeople,1
RepublicansAreHarmfulToAmericans,1
House,1
LeeZeldin,1
Renovictions,1
microgrid,1
EXECUTIVE,1
kpop,1
iphone,1
gaming,1
shows,1
Cardi,1
tweets,1
brooklyn,1
entertainment,1
GOPSucks,1
hollywood,1
pc,1
entrepreneur,1
VoteBlueForFreedom,1
VoteBlueForJobs,1
climate,1
tiktok,1
sports,1
smallbussiness,1
timessquare,1
live,1
movies,1
black,1
overwatch,1
apexlegends,1
apex,1
liealot,1
consolemods,1
retrogames,1
retrogamer,1
retrogaming,1
Gamecube,1
TaviCosta,1
MAGAsucks,1
wealthmanagement,1
worstvp,1
UkrainianArmy,1
Emergingmarkets,1
transport,1
InvestmentNews,1
CryptoTrends,1
Costco,1
HouseTargaryen,1
BREAKING,1
charteredwealthmanager,1
UPDATE,1
sentiment,1
2PROTECTING,1
Bmoon_Brazil,1
BmoonCrypto,1
TPLF,1
Bangladesh,1
Nepal,1
huobi,1
HT,1
renewables,1
energyefficiency,1
RussiaUkraineWar,1
LearnMMT,1
BlueIn22,1
CostOfLiving,1
lobbyists,1
USDTRY,1
INSEN,1
TwoFacedTodd,1
GoMcDermott,1
ICYMI,1
2k,1
CPAC,1
Change,1
Remarks,1
TrudeauGo,1
Record,1
EcoStruxure,1
IndustriesOfTheFuture,1
AutocraticSociety,1
TrudeauCantManage,1
SinghIsNotHelping,1
privatization,1
climatescam,1
healthinsurance,1
conventionofstates,1
BAYSTREET,1
REALESTATE,1
Senators,1
RENTAL,1
OMG,1
andrewneilshow,1
Obama,1
SKYROCKET,1
HEATING,1
CZ22,1
MarxistDems,1
UpcomingMidtermElections,1
BONDS,1
TLT,1
h,1
affordable,1
Op,1
CashFirst,1
Big,1
Uk,1
WarInUkraine,1
GLOBAL,1
POPULATION,1
Time,1
Zeitenwende,1
WorldCup2022,1
Ayodhya,1
OnePartyRule,1
Scholz,1
ZPD,1
ChinaSellOut,1
groceries,1
C,1
SoftwareTesting,1
VoteRedForDemocracy,1
MAVORG,1
Hard2FindASpace,1
MallJustOpened,1
cdwsocial,1
VoteDemocratToSaveAmerica,1
coPolitics,1
GreenLantern,1
GetOutTheVote,1
Britain,1
runawayInflation,1
FakeChristian,1
teredactyl,1
CRA,1
RATES,1
INTEREST,1
FORBES,1
AMERICAN,1
MILLION,1
TORONT,1
RENT,1
OUTRAGEOUS,1
ecosystem,1
